bookName,ISBN_API,year
Opening Spaces: An Anthology of Contemporary African Women's Writing,9780435910105,September 1999
The Caine Prize for African Writing 2010: 11th Annual Collection,9781906523374,August 2010
African Folktales,9780394721170,August 1983
Unchained Voices: An Anthology of Black Authors in the English-Speaking World of the Eighteenth Century,9780813190761,December 2003
Women Writing Africa: West Africa and the Sahel,9781558615007,August 2005
"10 Years of the Caine Prize for African Writing: Plus Coetzee, Gordimer, Achebe, Okri",9781906523244,September 2009
Introduction to African Oral Literature and Performance,9781592211517,February 2006
Violence in Francophone African and Caribbean Women's Literature,9780803211025,December 2009
Oral Epics from Africa,9780253211101,March 2008
African Fundamentalism: A Literary and Cultural Anthology of Garvey's Harlem Renaissance,9780912469096,October 1991
Land Apart: A South African Reader,9780140100044,June 1987
Women Writing Africa: The Eastern Region,9781558615342,February 2007
Nobody Ever Said AIDS: Poems and Stories from Southern Africa,9780795701849,March 2010
Step into a World: A Global Anthology of the New Black Literature,9780471380603,October 2000
An Anthology of Interracial Literature: Black-White Contacts in the Old World and the New,9780814781432,February 2004
The Caine Prize 2009: The Caine Prize for African Writing 10th Annual Collection,9781906523145,July 2009
"Traditions in World Literature: Literature of Africa, Softcover Student Edition",9780844212029,January 1999
Love Child,9781869140014,March 2002
Seventh Street Alchemy 2004: A Selection of Works from the Caine Prize for African Writing,9781770091450,June 2006
Women Writing Africa: The Southern Region: Volume 1,9781558614062,December 2002
Of Suffocated Hearts and Tortured Souls: Seeking Subjecthood through Madness in Francophone Women's,9780739105627,December 2002
Less Than One and Double: A Feminist Reading of African Women's Writing,9780325070254,November 2001
The Rienner Anthology of African Literature,9781588264916,April 2007
Oral and Written Expressions of African Cultures,9781594606472,March 2009
Jambula Tree and other stories: The Caine Prize for African Writing 8th Annual Collection,9781904456735,July 2008
Up the Down Escalator,9780795701061,March 2010
Basali!: Stories by and about Women in Lesotho,9780869809181,February 1995
How God Fix Jonah,9781563976988,October 2000
Glass Jars among Trees,9781919931234,April 2005
Running Towards Us: New Writing from South Africa,9780325002118,May 2000
Of Suffocated Hearts And Tortured Souls,9780739105634,December 2002
An Anthology of Interracial Literature: Black-White Contacts in the Old World and the New,9780814781449,February 2004
Among the Blacks,9780939691029,October 1988
The Daily Show with Jon Stewart Presents Earth (the Book): A Visitor's Guide to the Human Race,9780446579223,September 2010
The Best American Nonrequired Reading 2010,9780547241630,October 2010
The Daily Show with Jon Stewart Presents Earth (the Book): A Visitor's Guide to the Human Race,9781607886150,October 2010
100 Best-Loved Poems,9780486285535,May 1995
"The Norton Anthology of American Literature, Shorter Seventh Edition, One-Volume Paperback",9780393930573,July 2007
The Best American Poetry 2009,9781615521647,September 2009
The Oxford Book of American Short Stories,9780195092622,September 1994
The Best American Essays 2009,9780618982721,October 2009
"The Norton Anthology of American Literature, Package 2: Volumes C, D, and E",9780393929942,April 2007
Early African American Classics (Barnes &amp; Noble Classics Series),9781400500284,October 2008
"African-American Poetry: An Anthology, 1773-1930",9780486296043,July 1997
Couldn't Keep It to Myself: Testimonies from Our Imprisoned Sisters,9780060595371,February 2004
"The Norton Anthology of Poetry, Shorter 5th Edition",9780393979213,December 2004
The Best American Poetry 2010,9781439181454,September 2010
"Classic Slave Narratives: The Life of Olaudah Equiano, The History of Mary Prince, Narrative of the Life of Frederick Douglass, Incidents in the Life of a Slave Girl",9780451528247,January 2002
The Best American Nonrequired Reading 2009,9780547241609,October 2009
In Fact: The Best of Creative Nonfiction,9780393326659,November 2004
The Best American Essays of the Century,9780618155873,October 2001
The Best Loved Poems of the American People,9780385000192,October 1936
The Norton Anthology of American Literature: Volume A: Beginnings to 1820,9780393927399,April 2007
The Norton Anthology of Poetry,9780393979206,December 2004
"The Norton Anthology of African American Literature, Vol. 2",9780393977783,December 2003
"Poems, Poets, Poetry: An Introduction and Anthology",9780312463199,October 2009
The Poets Laureate Anthology,9780393061819,October 2010
The Portable Beat Reader,9780142437537,July 2003
The Best American Short Plays 2008-2009,9781557837608,October 2010
The Gift of Love,9780425234280,June 2010
One Hundred and One Famous Poems (Barnes &amp; Noble Library of Essential Reading),9781435114760,February 2009
The Vintage Book of Contemporary American Poetry,9781400030934,April 2003
Literature: A Pocket Anthology,9780205655106,January 2009
I'll Fly Away: Further Testimonies from the Women of York Prison,9780061626395,October 2008
American Earth: Environmental Writing Since Thoreau,9781598530209,April 2008
Best Poems of the English Language: From Chaucer Through Robert Frost,9780060540425,August 2007
Humor Me: An Anthology of Funny Contemporary Writing (Plus Some Great Old Stuff Too),9780061728945,May 2010
Coming of Age in America: A Multicultural Anthology,9781565841475,September 2007
"Three African-American Classics: Up from Slavery, The Souls of Black Folk and Narrative of the Life of Frederick Douglass",9780486457574,February 2007
100 Best African American Poems with CD,9781402221118,November 2010
Six American Poets: An Anthology,9780679745259,December 1993
Norton Anthology of Literature by Women: The Traditions in English,9780393930153,February 2007
Multicultural Children's Literature: Through the Eyes of Many Children,9780135145289,March 2008
The Voice That Is Great within Us: American Poetry of the Twentieth Century,9780553262636,September 1983
Poems That Touch the Heart,9780385044011,October 1984
I Thought My Father Was God: And Other True Tales from NPR's National Story Project,9780312421007,September 2002
Listening For God Rdr Vol 4,9780806645773,January 2003
The American Tradition in Literature (concise) book alone,9780073384894,November 2008
"Approaching Literature: Writing, Reading, Thinking",9780312452834,December 2007
The Norton Anthology of American Literature: Volume C: 1865-1914,9780393927412,April 2007
American Fantastic Tales Boxed Set,9781598530599,October 2009
Unsettling America: An Anthology of Contemporary Multicultural Poetry,9780140237788,November 1994
"Listening For God Reader, Vol 1",9780806627151,August 1994
Concise Anthology of American Literature,9780205763108,January 2010
"The Heath Anthology of American Literature: Contemporary Period (1945 To The Present), Volume E",9780547201801,March 2009
The Portable Harlem Renaissance Reader,9780140170368,June 1995
American Short Stories,9780321484895,October 2007
Great Love Poems,9780486272849,October 1992
"The Harper American Literature, Single Volume Edition",9780321012692,December 1998
The Latino Reader: An American Literary Tradition from 1542 to the Present,9780395765289,March 1997
Black Nature,9780820334318,December 2009
Anthology of American Literature Volume II,9780132216470,January 2007
Best Remembered Poems,9780486271651,December 1992
Nine Plays of the Modern Theater: Waiting for Godot; The Visit; Tango; The Caucasian Chalk Circle; The Balcony; Rhinoceros; American Buffalo; The Birthday Party; Rosencrantz and Guildenstern are Dead,9780802150325,January 1994
"The Norton Anthology of Literature by Women: The Traditions in English, Vol. 2",9780393930146,February 2007
Writing New York: A Literary Anthology,9781598530216,January 2008
The Best American Essays 2009,9781616836863,October 2009
The Hudson River Valley Reader,9781616823764,March 2009
The Best American Poetry 2009,9780743299770,September 2009
Sudden Fiction Latino: Short-Short Stories from the United States and Latin America,9780393336450,March 2010
I Am the Darker Brother: An Anthology of Modern Poems by African Americans,9780689808692,January 1997
Classic American Autobiographies,9780451529152,November 2003
Mental Floss: Scatterbrained,9780060882501,July 2006
The Portable Sixties Reader,9780142001943,December 2002
Modern American Memoirs,9780060927639,October 1996
Best American Spiritual Writing 2007,9780641974120,October 2007
The Norton Anthology of American Literature: Volume D: 1914-1945,9780393927429,April 2007
Making Literature Matter: An Anthology for Readers and Writers,9780312474911,August 2008
"Luis Valdez - Early Works: Actos, Bernabe and Pensamiento Serpentino",9781558850033,January 1990
In Our Own Words: Student Writers at Work,9780521540285,April 2005
Touch,9780822220558,November 2005
"The American Tradition in Literature, Volume 1(book alone)",9780077239046,October 2008
The Four Seasons: Poems,9780307268341,June 2008
The American Stage: Writing on Theater from Washington Irving to Tony Kushner,9781598530698,April 2010
Bum Rush the Page: A Def Poetry Jam,9780609808405,October 2001
The Outlaw Bible of American Literature,9781560255505,December 2004
Mother California: A Story of Redemption Behind Bars,9781934633946,September 2010
The Best American Short Stories 2003,9780618197330,October 2003
Spider Woman's Granddaughters: Traditional Tales and Contemporary Writing by Native American Women,9780449905081,May 1990
Transforming a Rape Culture,9781571312693,August 2004
American Food Writing: An Anthology with Classic Recipes,9781598530414,January 2009
Baseball: A Literary Anthology,9781931082099,February 2002
Loving in the War Years: Lo que nunca paso por sus labios,9780896086265,September 2000
Don't Squat With Your Spurs On: A Cowboy's Guide to Life,9781423606994,October 2009
Listening For God Reader Volume 3,9780806639628,February 2000
Fierce Pajamas: An Anthology of Humor Writing from the New Yorker,9780375761270,October 2002
The Top 500 Poems,9780231080286,January 1992
True Crime: An American Anthology,9781598530315,September 2008
"I Am Not My Breast Cancer: Women Talk Openly about Love and Sex, Hair Loss and Weight Gain, Mothers and Daughters, and Being a Woman with Breast Cancer",9780061174070,September 2008
African American Literature (Penguin Academics Series),9780321113412,January 2004
"Anthology of American Literature, Volume I",9780205779390,July 2010
"The Heath Anthology of American Literature: Modern Period (1910?1945), Volume D",9780547201948,February 2009
Poems of New York,9780375415043,August 2002
American Dreams,9780679767992,June 1996
"Black Theatre USA, V2: Plays by African Americans 1935-Today, Vol. 2",9780684823072,February 1996
The Signet Classic Book of American Short Stories,9780451529633,November 2004
The American Transcendentalists: Essential Writings,9780812975093,January 2006
Finding Freedom: Writings from Death Row,9781881847083,September 1997
The Best American Short Stories 2004,9780618197354,October 2004
New York Stories: The Best of the City Section of the New York Times,9780814775721,May 2005
Black Voices: An Anthology of African-American Literature,9780451527820,April 2001
Bordering Fires: The Vintage Book of Contemporary Mexican and Chicano/a Literature,9781400077182,October 2006
The Best American Short Plays 2007-2008,9781557837493,August 2009
Postmodern American Fiction: A Norton Anthology,9780393316988,September 1997
Bronx Accent: A Literary and Pictorial History of the Borough,9780813538624,March 2006
Native American Songs and Poems: An Anthology,9780486294506,September 1996
The Best American Sports Writing 2008,9780618751181,October 2008
The Lost Algonquin Round Table,9781440151514,July 2009
Thom Pain (based on nothing),9780822220763,November 2005
Death Blossoms: Reflections from a Prisoner of Conscience,9780896086999,July 2003
"B. O. O. B. S.: A Bunch of Outrageous Breast-Cancer Survivors Tell Their Stories of Courage, Hope and Healing",9781581825237,January 2006
Becoming Americans: Four Centuries of Immigrant Writing,9781598530513,October 2009
Dream Me Home Safely: Writers on Growing Up in America,9780618379026,October 2003
The Best American Short Stories 2005,9780618427055,October 2005
The Stuffed Owl: An Anthology of Bad Verse,9781590170380,March 2003
"The American Tradition in Literature, Volume 2 (book alone)",9780077239053,October 2008
American Working-Class Literature: An Anthology,9780195144567,August 2006
The Butterfly's Way: Voices from the Haitian Dyaspora in the United States,9781569472187,July 2003
Bedford Anthology of American Literature: Volume Two: 1865 to Present,9780312412081,February 2008
"Titanica: The Disaster of the Century in Poetry, Song and Prose",9780393318739,September 1998
The Unswept Path: Contemporary American Haiku,9781893996380,September 2005
"The Vietnam War in American Stories, Songs, and Poems",9780312115524,August 1995
The Best American Essays 2008,9780618983223,October 2008
The Best American Poetry 2008,9780743299756,September 2008
Poems from the Women's Movement,9781598530421,April 2009
Listening for God: Contemporary Literature And The Life Of Faith: Volume 2,9780806628448,January 1998
The Norton Anthology of African American Literature,9780393040012,November 1996
The Best American Sports Writing 2008,9781615580194,October 2008
New Orleans Stories: Great Writers on the City,9780811844949,June 2004
Sporting Lives: Metaphor and Myth in American Sports,9780826217790,February 2008
"American Literature, Volume II (Penguin Academics Series)",9780321116246,December 2003
After Frost: Anthol Poetry From N E,9781558490413,September 1996
"To The Shore Once More, Volume II: A Journey Down The Jersey Shore; Prose, Poetry, And Works Of Art",9780963290625,May 2001
Winter Song: Christmas Readings,9781573833325,October 2004
Rag and Bone Shop of the Heart: A Poetry Anthology,9780060924201,August 1993
Oxford Book of American Poetry,9780195162516,March 2006
The Portable Jack Kerouac,9780143105060,August 2007
Boricuas: Influential Puerto Rican Writings--- An Anthology,9780345395023,September 1995
Coming of Age in the 21st Century,9781595580559,October 2008
Empire City: New York Through the Centuries,9780231109093,August 2005
Erotique Noire: Black Erotica,9780385423090,August 1992
Short Story Masterpieces,9780440378648,March 1954
The Best American Short Plays 2006-2007,9781557837486,May 2010
Black on White: Black Writers on What It Means to Be White,9780805211146,January 1999
In a Narrow Grave: Essays on Texas,9780684868691,July 2001
Queer 13: Lesbian and Gay Writers Recall Seventh Grade,9780688171612,September 1999
Hokum: An Anthology of African-American Humor,9781596911482,January 2006
Voices in Our Blood: America's Best on the Civil Rights Movement,9780375758812,January 2003
The Complete Works of Kate Chopin,9780807131510,May 2006
Literature and the Environment: A Reader on Nature and Culture,9780321011497,August 1998
"The Heath Anthology of American Literature, Concise Edition",9780618256631,May 2003
Early American Writing,9780140390872,February 1994
Soulscript: A Collection of Classic African American Poetry,9780767918466,November 2004
"The Norton Anthology of Literature by Women: The Traditions in English, Vol. 1",9780393930139,February 2007
Out of Her Mind: Women Writing on Madness,9780375755026,February 2003
"The Wadsworth Themes American Literature Series, 1945-Present, Theme 18: Class Conflicts and the American Dream",9781428262508,July 2008
Concise Anthology of American Literature,9780131937925,December 2005
Written by Herself: Autobiographies of American Women,9780679736332,November 1992
Asian American Studies Now: A Critical Reader,9780813545752,April 2010
Growing Up in the South: An Anthology of Modern Southern Literature,9780451528735,January 2003
American Protest Literature,9780674027633,April 2008
The Vietnam Reader: The Definitive Collection of American Fiction and Nonfiction on the War,9780385491181,October 1998
Reinventing the Enemy's Language: Contemporary Native Women's Writings of North America,9780393318289,September 1998
The Norton Anthology of American Literature: Volume E: 1945 to the Present,9780393927436,April 2007
"Living Literature: An Introduction to Fiction, Poetry, Drama",9780321088994,January 2007
"Women of the Beat Generation: The Writers, Artists and Muses at the Heart of a Revolution",9781573241380,October 1998
La Llorona on the Longfellow Bridge: Poetry Y Otras Movidas,9781558853997,January 2003
"To the Shore Once More: A Portrait Of The Jersey Shore; Prose, Poetry, and Works of Art",9780963290618,July 1999
Witnessing Lynching: American Writers Respond,9780813533308,October 2003
Longman Anthology of Women's Literature,9780321010063,December 2000
Elements of Evolutionary Genetics,9780981519425,January 2010
The Best American Short Stories 2001,9780395926888,October 2001
The Classic Hundred Poems: All-Time Favorites,9780231112598,March 1998
The Best American Nonrequired Reading 2007,9780618902811,October 2007
The Best New Playwrights 2009,9781575257624,December 2009
The Vintage Book of African American Poetry,9780375703003,February 2000
Crossing the Danger Water: Three Hundred Years of African-American Writing,9780385422437,September 1993
2007: The Best Ten-Minute Plays for Two Actors,9781575255897,April 2008
The Hudson River Valley Reader,9781604330373,March 2009
Three Centuries of American Poetry,9780553375183,March 1999
Down Time: Great Writers on Diving,9780965834445,April 2001
Blues Poems (Everyman's Library Pocket Poets),9780375414589,September 2003
Age Ain't Nothing But a Number: Black Women Explore Midlife,9780807028230,May 2003
Literary Nevada: Writings from the Silver State,9780874177596,August 2008
Nickel and Dimed,9780822220428,November 2005
The Haves and Have Nots: 30 Stories about Money and Class in America,9780451527448,October 1999
The Best American Short Plays 2003-2004,9781557836960,September 2006
Latino Boom: An Anthology of U. S. Latino Literature,9780321093837,July 2005
Up All Night: Adventures in Lesbian Sex,9781555837471,January 2004
Anthology of Modern American Poetry,9780195122718,January 2000
"A Patriot'S Handbook: Songs, Poems, Stories, And Speeches Celebrating The Land We Love",9780786869183,May 2003
Uncle Remus: His Songs and His Sayings,9780877970606,September 1995
The Heath Anthology of American Literature: Volume B: Early Nineteenth Century (1800-1865),9780618532988,December 2004
Immigrant Women,9780791419045,July 1994
The American Aeneas: Classical Origins of the American Self,9781572331327,October 2001
"Love, Castro Street: Reflections of San Francisco",9781555839970,May 2007
"The Women's Project and Productions: The Best One-Act Plays, 1975-1999",9781575252711,June 2002
Feeling Italian: The Art of Ethnicity in America,9780814727478,May 2005
"Pamphlets of Protest: An Anthology of Early African American Protest Literature, 1790-1860",9780415924443,October 2000
A Whole Other Ball Game: Women's Literature on Women's Sport,9780374525217,September 1997
A Companion to African American Literature,9781405188623,May 2010
Conversations with Mexican American Writers: Languages and Literatures in the Borderlands,9781604732146,May 2009
The Palm of My Heart: Poetry by African American Children,9781880000762,May 2003
"Women and Children of the Mills: An Annotated Guide to Nineteenth-Century American Textile Factory Literature, Vol. 28",9780313308604,July 1999
Rising Voices,9780804111676,July 1993
Brotherman: The Odyssey of Black Men in America--an Anthology,9780345383174,January 1996
Literary Journalism: A New Collection of the Best American Nonfiction,9780345382221,May 1995
Americans in Paris: A Literary Anthology,9781931082563,March 2004
Uncle Remus: His Songs and His Sayings,9780140390148,September 1982
Running a Thousand Miles for Freedom: The Escape of William and Ellen Craft from Slavery,9780820321042,April 1999
If I Had My Life to Live Over,9780918949257,January 2010
Postmodern American Poetry: A Norton Anthology,9780393310900,May 1994
Sisters of the Earth: Women's Prose and Poetry About Nature,9781400033218,December 2003
The Lincoln Anthology: Great Writers on His Life and Legacy from 1860 to Now,9781598530339,December 2008
"Halloween Reader: Poems, Stories, and Plays from Halloweens Past",9781589801769,August 2004
"American Literature (Penguin Academics Series), Vol. 1",9780321116239,February 2004
Modernism: An Anthology,9780631204497,January 2005
The New Anthology of American Poetry: Volume II: Modernisms: 1900-1950,9780813531649,February 2005
Infinite Divisions: An Anthology of Chicana Literature,9780816513840,June 1993
A Hallowe'en Anthology: Literary and Historical Writings over the Centuries,9780786436842,January 2008
Sticks and Stones and Other Student Essays,9780312596224,July 2010
Women's Worlds: The Mcgraw-Hill Anthology of Women's Writing,9780072564020,December 2007
New York Stories: The Best Writing from Four Decades of New York Magazine,9780812979923,September 2008
The Columbia Anthology of American Poetry,9780231081221,July 1995
New Playwrights: The Best Plays of 2008,9781575256184,February 2009
The Jazz Poetry Anthology,9780253206374,June 1991
New Playwrights: The Best Plays of 2006,9781575255590,January 2007
The Last Best Place: A Montana Anthology,9780295969749,June 2003
A Place Apart: A Cape Cod Reader,9780881508598,June 2009
Prison Writings in 20th-Century America,9780140273052,June 1998
The Color of Gratitude: And Other Spiritual Surprises,9781570758461,September 2009
I Thought My Father Was God: And Other True Tales from NPR's National Story Project,9780060874117,September 2005
Growing up Poor: A Literary Anthology,9781565847446,June 2002
"Drinking, Smoking and Screwing: Great Writers on Good Times",9780811807845,August 1994
Literature and Science in the Nineteenth Century: An Anthology,9780199554652,August 2009
"Show &amp; Tell: Writers on Writing, Sixth Edition",9780982338209,August 2009
Mother California: A Story of Redemption Behind Bars,9781934633199,November 2009
"Richard Wright: Later Works (Black Boy, American Hunger, The Outsider)",9780940450677,October 1991
Double-Take: A Revisionist Harlem Renaissance Anthology,9780813529301,December 2001
Hispanic-American Literature: A Brief Introduction and Anthology,9780673469564,January 1997
Nineteenth-Century American Poetry,9780140435870,October 1996
The Beat Book: Writings from the Beat Generation,9781590304556,July 2007
Beat Poets,9780375413322,July 2002
Brooklyn Was Mine,9781594482823,January 2008
New Playwrights: The Best Plays of 2007,9781575255910,July 2008
The Best American Erotic Poems: From 1800 to the Present,9781416537465,February 2008
The Best of the West: An Anthology of Classic Writing from the American West,9780060923525,September 1992
Atop an Underwood: Early Stories and Other Writings,9780140296396,November 2000
"The African American Experience: Black History and Culture Through Speeches, Letters, Editorials, Poems, Songs, and Stories",9781579127732,January 2009
Best New Poets: 50 Poems from Emerging Writers,9780976629641,November 2009
Inherit the Atchafalaya,9781887366762,July 2007
The Best American Poetry 2007,9780743299732,September 2007
The Best American Poetry 2006,9780743257596,September 2006
Tales for Little Rebels: A Collection of Radical Children's Literature,9780814757215,March 2010
Great American Prose Poems,9780743243506,March 2003
"The Literature of California, Volume 1: Native American Beginnings to 1945",9780520222120,December 2000
American Food Writing: An Anthology with Classic Recipes,9781598530056,April 2007
Essential Saroyan,9781597140010,April 2005
No Walls of Stone: An Anthology of Literature by Deaf and Hard of Hearing Writers,9781563680199,January 2002
"Pioneers of the Black Atlantic: Five Slave Narratives from the Enlightenment, 1772-1815",9781887178983,November 1998
Riding Low on Streets of Gold,9781558853805,November 2003
Fire and Ink: An Anthology of Social Action Writing,9780816527939,October 2009
"New York Nocturne: The City After Dark in Literature, Painting, and Photography, 1850-1950",9780691133249,October 2008
Poets of World War II,9781931082334,July 2002
Voices from the Harlem Renaissance,9780195093605,January 1995
A Loving Voice II: A Caregiver's Book of More Read-Aloud Stories for the Elderly,9780914783701,July 1994
Running a Thousand Miles for Freedom: The Escape of William and Ellen Craft from Slavery,9780807123201,February 1999
Motherland: Writings by Irish American Women about Mothers and Daughters,9780688175863,April 2000
The Lowell Offering: Writings by New England Mill Women (1840-1845),9780393316858,December 1997
The Best American Poetry 2010,9781439181478,September 2010
Inside Out/Outside In: Exploring American Literature,9780395986059,July 2005
Glencoe Literature: American Literature: The Reader's Choice,9780078454813,January 2006
Transcendentalism: A Reader,9780195122138,December 2000
The Best American Short Stories 2002,9780618131730,October 2002
A Loving Voice: A Caregiver's Book of Read-Aloud Stories for the Elderly,9780914783596,January 1992
Hispanic Caribbean Literature of Migration: Narratives of Displacement,9780230620650,June 2010
American Political Plays after 9/11,9780809329540,June 2010
"Best Plays of the Early American Theatre, 1787-1911",9780486410982,June 2000
"Glances Backward: An Anthology of American Homosexual Writing, 1830-1920",9781551117287,September 2006
"American Poetry: The Nineteenth Century (Melville to Stickney, American Indian Poetry, Folk Songs and Spirituals) (Library of America), Vol. 2",9780940450783,September 1993
Deaf Way II Anthology: A Literary Collection of Deaf and Hard of Hearing Writers,9781563681271,June 2002
American Short Story and Its Writer: An Anthology,9780312191764,August 1999
Orpheus and Company: Contemporary Poems on Greek Mythology,9780874519181,April 1999
Poems That Live Forever,9780385003582,June 1965
The Best American Nonrequired Reading 2008,9780618902835,October 2008
American Negro Poetry,9780809015641,December 1995
Paradise Road: Jack Kerouac's Lost Highway and My Search for America,9780470237694,March 2010
The Black Woman: An Anthology,9780743476973,March 2005
Thom Pain (based on nothing),9781559362757,April 2005
American Fantastic Tales: Terror and the Uncanny from Poe to the Pulps,9781598530476,October 2009
100 Poems by 100 Poets,9780802132796,January 1994
"Chocolate Thoughts: Short Stories, Essays and Poetry from the Hearts and Minds of Real Black Men",9781929642373,May 2006
Oxford Anthology of African American Poetry,9780195125634,October 2005
"Freedom in This Village: Twenty-Five Years of Black Gay Men's Writing, 1979 to the Present",9780786713875,September 2004
Bandana Republic: A Literary Anthology by Gang Members and Their Affliliates,9781593761943,May 2008
The Civil Rights Reader: American Literature from Jim Crow to Reconciliation,9780820332253,January 2009
American Sonnets: An Anthology,9781598530155,October 2007
Voices in First Person: Reflections on Latino Identity,9781416906353,August 2008
Montana Women Writers: A Geography of the Heart,9781560373797,October 2006
81 Famous Poems,9780945353829,August 1993
Califauna: A Literary Field Guide,9781597140492,April 2007
Thousand and One Afternoons in Chicago,9780226322742,June 2009
Philadelphia Stories: America's Literature of Race and Freedom,9780195395921,April 2010
"Voices of Black America: Historical Recordings of Poetry, Humor and Drama, 1908-1947",9789626342480,February 2002
The Wind Shifts: New Latino Poetry,9780816524938,April 2007
Slamma Lamma Ding Dong: An Anthology by Nebraska's Slam Poets,9780595362974,July 2005
Shadowed Dreams: Women's Poetry of the Harlem Renaissance,9780813538860,October 2006
"Appalachia Inside Out: Conflict and Change, Vol. 1",9780870498749,March 1995
Writing Los Angeles: A Literary Anthology,9781931082273,September 2002
On Grandma's Porch: Stories and True Facts about Growing up Southern in the Good Old Days,9780976876021,June 2007
Tuscany in Mind,9781400076758,May 2005
Don't Squat With Yer Spurs On!: A Cowboy's Guide to Life,9780879054700,October 2000
Love and Marriage in Early African America,9781555536770,December 2007
"Twenty One-Acts from the Twenty Years at the Humana Festival, 1975-1995",9781880399989,December 1995
American Austen: The Forgotten Writing of Agnes Repplier,9781933859866,May 2009
American Gothic: An Anthology 1787-1916 (Blackwell Anthologies Series),9780631206521,June 1999
The Best American Poetry 2009,9780743299763,September 2009
Bold Words: A Century of Asian American Writing,9780813529660,January 2001
Another Way to Dance: Contemporqary Asian Poetry from Canada and the United States,9780920661598,January 1996
The Best American Poetry 2003,9780743203883,August 2003
Plays and Playwrights 2002,9780967023434,January 2002
"Why Freedom Matters: The Spirit of the Declaration of Independence in Prose, Poetry, and Song from 1776 to the Present",9780761131656,September 2003
The Best American Short Plays 2006-2007,9781557837479,June 2010
Forced Passages: Imprisoned Radical Intellectuals and the U.S. Prison Regime,9780816645619,January 2006
Selected Works,9780395980750,April 2002
Getting Home Alive,9780932379191,December 1986
Twentieth-Century American Poetry,9780072400199,December 2003
Plays and Playwrights 2009,9780979485220,February 2009
Through the Eye of the Deer: An Anthology of Native American Women Writers,9781879960589,September 1999
Asian American Studies: A Reader,9780813527260,May 2000
Latinos in Lotusland: An Anthology of Contemporary Southern California Literature,9781931010474,April 2008
Daughters Of Decadence,9780813520186,August 1993
"American Tradition in Literature : With American Ariel, Vol. 2",9780073221533,October 2006
Best American Nonrequired Reading 2005,9780618570485,October 2005
Sister Nations: Native American Women Writing on Community,9780873514286,March 2002
Asian-American Literature: A Brief Introduction and Anthology,9780673469779,January 1997
Black Silk: A Collection of African-American Erotica,9780446676915,February 2002
The Best Plays Theater Yearbook 2007-2008,9780879103668,October 2009
"Damage Control: Women on the Therapists, Beauticians, and Trainers Who Navigate Their Bodies",9780061175350,June 2007
The Prentice Hall Anthology of Latino Literature,9780130266873,August 1901
The Norton Book of American Autobiography,9780393046779,March 1999
New Playwrights: The Best Plays of 2000,9781575252490,January 2003
Xerophilia: Ecocritical Explorations in Southwestern Literature,9780896726383,December 2008
"The New Anthology of American Poetry: Volume I: Traditions and Revolutions, Beginnings to 1900",9780813531625,March 2003
Contemporary U. S. Latino a Literary Criticism,9781403979995,October 2007
Brother to Brother: New Writings by Black Gay Men,9780978625115,December 2007
"The New World Border: Prophecies, Poems, and Loqueras for the End of the Century",9780872863132,January 2001
"Literatura Chicana, 1965-1995: An Anthology in Spanish, English, and Calo, Vol. 191",9780815320807,March 1997
So Fey,9781590212288,June 2009
"Imagined Transnationalism: U. S. Latino/A Literature, Culture, and Identity",9780230606326,November 2009
Literature and Aging: An Anthology,9780873384667,February 1993
Salaam. Peace: An Anthology of Middle Eastern-American Drama,9781559363327,January 2010
Plays and Playwrights 2008,9780979485213,February 2008
Call and Response: The Riverside Anthology of the African American Literary Tradition CD,9780395875094,January 1998
U.S. Latino Literature Today,9780321198433,August 2004
Death Defying Acts,9780573695391,January 1996
American Studies Anthology,9780842028295,August 2001
Women Heroes: Six Short Plays from the Women's Project,9780936839226,January 1987
Queer Beats: How the Beats Turned America On to Sex,9781573441889,June 2004
Message to Aztlan: Selected Readings,9781558853317,January 2001
The New England Transcendentalists: Life of the Mind and of the Spirit (Perspectives on History Series),9781932663174,December 2006
Literature of the American South: A Norton Anthology,9780393316711,October 1997
The American Puritans: Their Prose and Poetry,9780231054195,May 1982
"Richard Wright: Early Works (Lawd Today!, Uncle Tom's Children, Native Son)",9780940450660,October 1991
The Heath Anthology of American Literature: Volume E: Contemporary Period (1945 to the Present),9780618533015,January 2005
Best American Magazine Writing 2004,9780060749538,September 2004
Writing Off the Hyphen: New Perspectives on the Literature of the Puerto Rican Diaspora,9780295988245,April 2008
Ethnic Modernism,9780674030916,November 2008
Recollections of the Early Republic: Selected Autobiographies,9781555533014,January 1997
The Best American Magazine Writing,9781586480097,December 2000
"Blacklegs, Card Sharps, and Confidence Men",9780807136362,May 2010
Modern American Prose: Fifteen Writers + 15,9780070113961,January 1993
A Beginner's Guide to Critical Reading: An Anthology of Literary Texts,9780415234689,April 2001
For a Living: The Poetry of Work,9780252064104,March 1995
What's Nature Worth?: Narrative Expressions of Environmental Values,9780874807905,March 2004
New Playwrights: The Best Plays of 2001,9781575252971,July 2003
New Playwrights: The Best Plays of 2004,9781575254241,May 2005
More New York Stories: The Best of the City Section of The New York Times,9780814776551,November 2010
Latina,9780684802404,August 1995
Word Virus,9780802136947,June 2000
American Fantastic Tales: Terror and the Uncanny from the 1940s to Now,9781598530483,October 2009
Christmas in Minnesota,9780873515429,November 2005
"Iowa, the Definitive Collection: Classic and Contemporary Readings by Iowans, for Iowans",9781888160383,June 2009
"Friction, Volume 7: Best Gay Erotic Fiction",9781555838270,February 2004
A Kentucky Christmas,9780813122793,October 2003
The Little Big Book of California,9781932183702,April 2005
New Playwrights: The Best Plays of 2005,9781575254463,May 2006
Tenderheaded: A Comb-Bending Collection of Hair Stories,9780671047566,January 2002
The Classic Hundred Poems: All-Time Favorites,9781598875782,December 2007
The Best of Bamboo Ridge,9780910043076,July 1986
Inlandia,9781597140379,October 2006
Literary Savannah,9781892514011,July 2006
"New Oxford Book of American Verse, Vol. 1",9780195020588,October 1976
Caroling Dusk,9780806513492,January 1993
Literary Fort Worth,9780875652535,May 2002
A River Through Illinois,9780809327638,April 2008
"Don't Squat With Yer Spurs On! II, Vol. 2",9780879058326,September 1997
The Maine Reader: The Down East Experience from 1614 to the Present,9781567920789,January 1997
Florida Frenzy,9780813007267,June 1982
Starting Today: 100 Poems for Obama's First 100 Days,9781587298714,April 2010
Chattooga: Descending into the Myth of Deliverance River,9780820327754,September 2005
All Things Censored [With CD],9781583220221,July 2003
Listen Here: Women Writing in Appalachia,9780813190662,August 2004
The Flu Season and Other Plays,9781559362917,December 2006
Solomon Northup's Twelve Years a Slave: And Plantation Life in the Antebellum South,9781887366755,January 2007
Bamboo among the Oaks: Contemporary Writing by Hmong Americans,9780873514378,October 2002
Poets of the Civil War,9781931082761,April 2005
The Book of American Negro Poetry,9780156135399,October 1969
"Slave Narratives: James Albert Ukawsaw Gronniosaw, Olaudah Equiano, Nat Turner, Frederick Douglass, William Wells Brown, Henry Bibb, Sojourner Truth, William and Ellen Craft, Harriet A. Jacobs, Jacob D. Green (Library of America)",9781883011765,January 2000
Denali: A Literary Anthology,9780898867107,October 2000
The Best American Poetry 2005,9780743257589,September 2005
"Who's to Say What's Obscene?: Politics, Culture, and Comedy in America Today",9780872865013,July 2009
Impossible Princess,9780872865280,November 2009
This Bridge We Call Home: Radical Visions for Transformation,9780415936828,September 2002
Our Own Stories: Readings for Cross-Cultural Communication,9780201846706,August 1995
Sky Begins at Your Feet,9781888160437,September 2009
Hot Biscuits: Eighteen Stories by Women and Men of the Ranching West,9780826328892,July 2002
Santa Fe Nativa: A Collection of Nuevomexicano Writing,9780826348180,November 2009
Literary Austin,9780875653426,April 2007
The Best American Short Plays 2004-2005,9781557837127,August 2008
En Otra Voz: Antolog&#237;a de Literatura Hispana de los Estados Unidos,9781558853461,August 2002
Common Wealth,9780271027210,October 2005
American Satire,9780452011748,April 1997
"Appalachia inside Out, Vol. 2",9780870498763,November 1995
New Stories from the Southwest,9780804011075,December 2007
Writing New England: An Anthology from the Puritans to the Present,9780674006034,October 2001
Crazy Woman Creek: Women Rewrite the American West,9780618249336,May 2004
Circle of Women: An Anthology of Contemporary Western Women Writers,9780806133676,November 2001
The Portable Western Reader,9780140230260,July 1997
African-American Literature: A Brief Introduction and Anthology,9780673990174,January 1997
El Coro,9781558491113,December 1997
"Off Off Broadway Festival Plays, 34th Series",9780573697555,February 2010
American Wits: An Anthology of Light Verse,9781931082495,October 2003
Out on the Porch: An Evocation in Words and Pictures,9780945575931,January 1992
30 Satires,9781565849860,April 2005
Literary Mama: Reading for the Maternally Inclined,9781580051583,January 2006
"In So Many More Words: Arguments and Adventures, Second Edition",9780268041342,September 2010
Georgia Cowboy Poets,9780881461831,March 2010
Decolonial Voices: Chicana and Chicano Cultural Studies in the 21st Century,9780253214928,March 2002
More Mirth of a Nation: The Best Contemporary Humor,9780060953225,November 2002
New Playwrights: The Best Plays of 2003,9781575253862,November 2005
American Reader,9781585360956,September 2006
Every Shut Eye Ain't Asleep; An Anthology of Poetry by African Americans since 1945,9780316347105,February 1994
Moment's Notice: Jazz in Poetry and Prose,9781566890014,July 1992
Literary Nashville,9781892514110,November 1999
Screaming Monkeys: Critiques of Asian American Images,9781566891417,July 2003
Imagination And Spirit,9780944350614,February 2006
"Writings: The Autobiography of an Ex-Colored Man, Along This Way, Essays and Editorials, Selected Poems",9781931082525,January 2004
Quixotic Fictions of the USA 1792-1815,9780199273157,January 2006
"Roots of African American Drama: An Anthology of Early Plays, 1858-1938",9780814321423,December 1992
The Floating Borderlands: Twenty-Five Years of U.S. Hispanic Literature,9780295977461,December 1998
Classic Plays from the Negro Ensemble Company,9780822955603,October 1995
Mississippi Writers: An Anthology,9780878054794,June 1991
Bombshells: War Stories and Poems by Women on the Homefront,9780978848934,January 2007
At Home on the Earth: Becoming Native to Our Place,9780520216846,August 1999
Wines in the Wilderness: Plays by African American Women from the Harlem Renaissance to the Present,9780275935672,August 1990
Stand Up Poetry: An Expanded Anthology,9780877457954,January 2002
First Thought Best Thought,9781591791881,August 2004
For She Is the Tree of Life: Grandmothers Through the Eyes of Women Writers,9781573240376,May 1996
White Lines: Writers on Cocaine,9781560253785,December 2002